{
    "$schema": "https://schema.management.azure.com/schemas/2019-04-01/deploymentTemplate.json#",
    "contentVersion": "1.0.0.0",
    "parameters": {
        "systemTopics_azure_snow_pipe_name": {
            "defaultValue": "azure-snow-pipe",
            "type": "String"
        },
        "storageAccounts_lsesamplestorage_name": {
            "defaultValue": "lsesamplestorage",
            "type": "String"
        }
    },
    "variables": {},
    "resources": [
        {
            "type": "Microsoft.Storage/storageAccounts",
            "apiVersion": "2023-01-01",
            "name": "[parameters('storageAccounts_lsesamplestorage_name')]",
            "location": "eastus",
            "sku": {
                "name": "Standard_LRS",
                "tier": "Standard"
            },
            "kind": "StorageV2",
            "properties": {
                "dnsEndpointType": "Standard",
                "defaultToOAuthAuthentication": false,
                "publicNetworkAccess": "Enabled",
                "allowCrossTenantReplication": false,
                "minimumTlsVersion": "TLS1_2",
                "allowBlobPublicAccess": false,
                "allowSharedKeyAccess": true,
                "networkAcls": {
                    "bypass": "AzureServices",
                    "virtualNetworkRules": [],
                    "ipRules": [],
                    "defaultAction": "Allow"
                },
                "supportsHttpsTrafficOnly": true,
                "encryption": {
                    "requireInfrastructureEncryption": false,
                    "services": {
                        "file": {
                            "keyType": "Account",
                            "enabled": true
                        },
                        "blob": {
                            "keyType": "Account",
                            "enabled": true
                        }
                    },
                    "keySource": "Microsoft.Storage"
                },
                "accessTier": "Hot"
            }
        },
        {
            "type": "Microsoft.EventGrid/systemTopics",
            "apiVersion": "2023-06-01-preview",
            "name": "[parameters('systemTopics_azure_snow_pipe_name')]",
            "location": "eastus",
            "dependsOn": [
                "[resourceId('Microsoft.Storage/storageAccounts', parameters('storageAccounts_lsesamplestorage_name'))]"
            ],
            "properties": {
                "source": "[resourceId('Microsoft.Storage/storageAccounts', parameters('storageAccounts_lsesamplestorage_name'))]",
                "topicType": "Microsoft.Storage.StorageAccounts"
            }
        },
        {
            "type": "Microsoft.Storage/storageAccounts/blobServices",
            "apiVersion": "2023-01-01",
            "name": "[concat(parameters('storageAccounts_lsesamplestorage_name'), '/default')]",
            "dependsOn": [
                "[resourceId('Microsoft.Storage/storageAccounts', parameters('storageAccounts_lsesamplestorage_name'))]"
            ],
            "sku": {
                "name": "Standard_LRS",
                "tier": "Standard"
            },
            "properties": {
                "changeFeed": {
                    "enabled": false
                },
                "restorePolicy": {
                    "enabled": false
                },
                "containerDeleteRetentionPolicy": {
                    "enabled": true,
                    "days": 7
                },
                "cors": {
                    "corsRules": []
                },
                "deleteRetentionPolicy": {
                    "allowPermanentDelete": false,
                    "enabled": true,
                    "days": 7
                },
                "isVersioningEnabled": false
            }
        },
        {
            "type": "Microsoft.Storage/storageAccounts/fileServices",
            "apiVersion": "2023-01-01",
            "name": "[concat(parameters('storageAccounts_lsesamplestorage_name'), '/default')]",
            "dependsOn": [
                "[resourceId('Microsoft.Storage/storageAccounts', parameters('storageAccounts_lsesamplestorage_name'))]"
            ],
            "sku": {
                "name": "Standard_LRS",
                "tier": "Standard"
            },
            "properties": {
                "protocolSettings": {
                    "smb": {}
                },
                "cors": {
                    "corsRules": []
                },
                "shareDeleteRetentionPolicy": {
                    "enabled": true,
                    "days": 7
                }
            }
        },
        {
            "type": "Microsoft.Storage/storageAccounts/queueServices",
            "apiVersion": "2023-01-01",
            "name": "[concat(parameters('storageAccounts_lsesamplestorage_name'), '/default')]",
            "dependsOn": [
                "[resourceId('Microsoft.Storage/storageAccounts', parameters('storageAccounts_lsesamplestorage_name'))]"
            ],
            "properties": {
                "cors": {
                    "corsRules": []
                }
            }
        },
        {
            "type": "Microsoft.Storage/storageAccounts/tableServices",
            "apiVersion": "2023-01-01",
            "name": "[concat(parameters('storageAccounts_lsesamplestorage_name'), '/default')]",
            "dependsOn": [
                "[resourceId('Microsoft.Storage/storageAccounts', parameters('storageAccounts_lsesamplestorage_name'))]"
            ],
            "properties": {
                "cors": {
                    "corsRules": []
                }
            }
        },
        {
            "type": "Microsoft.EventGrid/systemTopics/eventSubscriptions",
            "apiVersion": "2023-06-01-preview",
            "name": "[concat(parameters('systemTopics_azure_snow_pipe_name'), '/snowpipe')]",
            "dependsOn": [
                "[resourceId('Microsoft.EventGrid/systemTopics', parameters('systemTopics_azure_snow_pipe_name'))]",
                "[resourceId('Microsoft.Storage/storageAccounts', parameters('storageAccounts_lsesamplestorage_name'))]"
            ],
            "properties": {
                "destination": {
                    "properties": {
                        "resourceId": "[resourceId('Microsoft.Storage/storageAccounts', parameters('storageAccounts_lsesamplestorage_name'))]",
                        "queueName": "snow-queue",
                        "queueMessageTimeToLiveInSeconds": 604800
                    },
                    "endpointType": "StorageQueue"
                },
                "filter": {
                    "includedEventTypes": [
                        "Microsoft.Storage.BlobCreated"
                    ],
                    "enableAdvancedFilteringOnArrays": true
                },
                "labels": [],
                "eventDeliverySchema": "EventGridSchema",
                "retryPolicy": {
                    "maxDeliveryAttempts": 30,
                    "eventTimeToLiveInMinutes": 1440
                }
            }
        },
        {
            "type": "Microsoft.Storage/storageAccounts/blobServices/containers",
            "apiVersion": "2023-01-01",
            "name": "[concat(parameters('storageAccounts_lsesamplestorage_name'), '/default/lseoltpcdcdata')]",
            "dependsOn": [
                "[resourceId('Microsoft.Storage/storageAccounts/blobServices', parameters('storageAccounts_lsesamplestorage_name'), 'default')]",
                "[resourceId('Microsoft.Storage/storageAccounts', parameters('storageAccounts_lsesamplestorage_name'))]"
            ],
            "properties": {
                "immutableStorageWithVersioning": {
                    "enabled": false
                },
                "defaultEncryptionScope": "$account-encryption-key",
                "denyEncryptionScopeOverride": false,
                "publicAccess": "None"
            }
        },
        {
            "type": "Microsoft.Storage/storageAccounts/queueServices/queues",
            "apiVersion": "2023-01-01",
            "name": "[concat(parameters('storageAccounts_lsesamplestorage_name'), '/default/snow-queue')]",
            "dependsOn": [
                "[resourceId('Microsoft.Storage/storageAccounts/queueServices', parameters('storageAccounts_lsesamplestorage_name'), 'default')]",
                "[resourceId('Microsoft.Storage/storageAccounts', parameters('storageAccounts_lsesamplestorage_name'))]"
            ],
            "properties": {
                "metadata": {}
            }
        }
    ]
}